AgeGroup,BingeWatchers,TotalUsers,Percentage
Senior,24,37,64.86486486486487
Teen,13,31,41.935483870967744
Adult,11,32,34.375
